,annual mean wage,annual mean wage,annual mean wage,annual mean wage,annual mean wage,annual median wage,annual median wage,annual median wage,annual median wage,annual median wage,employment,employment,employment,employment,employment,location quotient,location quotient,location quotient,location quotient,location quotient
,count,mean,std,min,max,count,mean,std,min,max,count,mean,std,min,max,count,mean,std,min,max
area,,,,,,,,,,,,,,,,,,,,
Central Missouri nonmetropolitan area,11,80522.72727272728,19328.81997997244,51400,111740,11,75138.18181818182,18957.21541692335,47850,102830,11,129.0909090909091,123.72991113344787,30,380,11,0.36090908538211475,0.21220059074545655,0.14000000059604645,0.8700000047683716
"Columbia, MO",14,87700.0,15919.870022662293,59240,116380,14,82021.42857142857,15417.477024539323,56670,111310,14,182.14285714285714,172.59015799680654,30,530,14,0.8407142843518939,0.36730754913937314,0.44999998807907104,1.5700000524520874
"Orlando-Kissimmee-Sanford, FL",18,107285.55555555556,24872.20211216724,60460,149480,18,103967.77777777778,26875.8882874935,54430,156560,18,2462.777777777778,3299.90696046304,70,13440,18,0.8905555572774675,0.309524728650239,0.25999999046325684,1.4900000095367432
"St. Louis, MO-IL",18,105339.44444444444,21715.022577827443,65050,156700,18,100187.77777777778,22344.673942458216,60940,142660,18,2438.3333333333335,2706.4307948031524,100,9820,18,1.0149999956289928,0.36801934240829864,0.3199999928474426,1.9500000476837158
"Tampa-St. Petersburg-Clearwater, FL",18,109822.22222222222,19435.469260079037,66570,139760,18,104326.11111111111,20112.622942669288,61050,133290,18,2790.5555555555557,3595.4635996950415,110,14230,18,1.0305555562178295,0.4329715645187515,0.3400000035762787,1.9199999570846558
